{"cameraMode":{"drawMode":0,"name":"Shaded","section":"Shading Mode"},"sceneLighting":false,"audioPlay":false,"sceneViewState":{"showFog":false,"showMaterialUpdate":false,"showSkybox":false,"showFlares":false,"showImageEffects":false,"showParticleSystems":false},"in2DMode":false,"pivot":{"x":-490.17401123046877,"y":-2052.779052734375,"z":-510.3846435546875},"rotation":{"x":0.17800015211105348,"y":0.2819153964519501,"z":-0.05331297963857651,"w":0.9412786364555359},"size":1043.7845458984375,"orthographic":false}